theta_0,theta_1,FB_y_0,FB_y_1,y_0,y_1,FB_surplus,SB_surplus,info_rents,Actuarial premium at first-best,Actuarial premium at second-best,Cost of non-insurance,Expected positive loss,Probability of claim,Value of first-best coverage,Value of second-best coverage
0.2,-7.0,1.149037,3e-06,0.0,1.0,0.013297980647342243,-9.439066905538153e-05,0.0,0.031,0.0,0.089,1.615,0.04,0.052,0.0
0.35,-7.0,0.661303,0.000447,0.0,1.0,0.043615543721905445,-9.439066905538153e-05,0.0,0.042,0.0,0.122,1.615,0.04,0.097,0.0
0.5,-7.0,0.464176,0.0,0.0,1.0,0.10009979396820484,-9.439066905538153e-05,0.0,0.048,0.0,0.179,1.615,0.04,0.161,0.0
0.2,-5.0,1.221559,0.001229,0.0,1.0,0.050985436456782156,-9.439066905538153e-05,0.0,0.103,0.0,0.29,1.915,0.106,0.18,0.0
0.35,-5.0,0.707948,0.000313,0.0,1.0,0.16366993584699682,-9.439066905538153e-05,0.0,0.138,0.0,0.408,1.915,0.106,0.336,0.0
0.5,-5.0,0.498656,0.000119,2.639059633865858,0.8147774329107833,0.3733476714010684,0.1112746418849477,0.0,0.155,0.008,0.62,1.915,0.106,0.567,0.121
0.2,-3.0,1.389413,0.000581,0.0,1.0,0.14869666895882985,-9.439066905538153e-05,0.0,0.276,0.0,0.769,2.315,0.227,0.493,0.0
0.35,-3.0,0.816671,0.000151,1.4625495478916106,0.023407112124648112,0.45774776060618183,0.44502872143337635,0.04264319476494677,0.363,0.26,1.092,2.315,0.227,0.912,0.77
0.5,-3.0,0.57912,1e-06,0.57912,1e-06,0.9800164638042186,0.9799935523510921,0.5430585460992876,0.406,0.406,1.62,2.315,0.227,1.487,1.487
