,theta_0,theta_1,FB_y_0,FB_y_1,y_0,y_1,FB_surplus,SB_surplus,info_rents,Actuarial premium at first-best,Actuarial premium at second-best,Cost of non-insurance,Expected positive loss,Probability of claim,Value of first-best coverage,Value of second-best coverage
0,0.2,-7.0,1.142603542902794,0.003896401746252231,1.4701986365958588,1.0000073986293607,0.01333137791118349,-0.00015133665477446177,6.790060517979091e-06,0.031,-0.0,0.089,1.615,0.04,0.052,-0.0
1,0.5,-7.0,0.46455028105296764,8.75742331934765e-09,0.8155703581206671,1.0000246315473196,0.10013441776464838,-0.0001584419828297032,5.152219389389923e-06,0.048,-0.0,0.179,1.615,0.04,0.16,-0.0
2,0.2,-3.0,1.3895036864706876,0.000572927120886193,3.4393949244789885,1.000023607234298,0.14872867565019812,-0.00015568003251454493,2.234721653351923e-06,0.276,-0.0,0.769,2.315,0.227,0.493,-0.0
3,0.5,-3.0,0.5789749862232958,6.437820874208766e-05,0.5789749862232958,6.437820874208766e-05,0.9800483840489472,0.979935125232876,0.0,0.406,0.406,1.62,2.315,0.227,1.487,1.487
