,theta_0,y_0,FB_y_0,FB_surplus,SB_surplus,info_rents,theta_1,y_1,FB_y_1
0,0.2,1.4701986365958588,1.142603542902794,0.01333137791118349,-0.0001513366547768307,6.790060516174978e-06,-7.0,1.0000073986293607,0.003896401746252231
1,0.5,0.8155703581206671,0.46455028105296764,0.10013441776464838,-0.00015844198283207213,5.15221938758581e-06,-7.0,1.0000246315473196,8.75742331934765e-09
2,0.2,3.439394924515408,1.3895036864706876,0.14872867565019812,-0.0001556800325154952,2.2347216515478108e-06,-3.0,1.0000236072342952,0.000572927120886193
3,0.5,0.5789749862232958,0.5789749862232958,0.9800483840489472,0.9799351252328735,0.0,-3.0,6.437820874208766e-05,6.437820874208766e-05
